Tom Tom 0 Mr.Tom	tom@mail.roosevelt.edu
Manduul Manduul 0 Mr.Manduul manduul@mail.roosevelt.edu
Hassan Hassan 0 Mr.Hassan hassan@mail.roosevelt.edu
Jesus Jesus 0 Mr.Jesus jesus@mail.roosevelt.edu
Jose Jose 0 Mr.Jose jose@mail.roosevelt.edu
Karen Karen 0 Ms.Karen karen@mail.roosevelt.edu
Jason Jason 0 Mr.Jason jason@mail.roosevelt.edu
Aaron Aaron 0 Mr.Aaron aaron@mail.roosevelt.edu
Isidro Isidro 0 Mr.Isidro isidro@mail.roosevelt.edu
Stuart Stuart 0 Mr.Stuart stuart@mail.roosevelt.edu
Nathan Nathan 0 Mr.Nathan nathan@mail.roosevelt.edu
Muhammad Muhammad 0 Mr.Muhammad muhammad@mail.roosevelt.edu
Omar Omar 0 Mr.Omar omar@mail.roosevelt.edu
Ethan Ethan 0 Mr.Ethan ethan@mail.roosevelt.edu
Sergey Sergey 0 Mr.Sergey sergey@mail.roosevelt.edu
Riley Riley 0 Mr.Riley riley@mail.roosevelt.edu
admin admin 1 Mr.Admin admin@mail.roosevelt.edu
blue blue 0 Mr.Blue blue@mail.roosevelt.edu
green green 0 Ms.Green green@mail.roosevelt.edu
red red 0 Ms.Red red@mail.roosevelt.edu
yellow yellow 0 Mr.Yellow yellow@mail.roosevelt.edu